11,0c9995de14d54cd33fc10edd3f3daf3e.jpg
35,MG_Char%27s_Zaku_II_Crystal_Ver.jpg
36,MG_RX-78-2_Crystal_Ver.jpg
37,MG_RX-78-2_Coating_Ver.jpg
38,MG_Zaku_II_Crystal_Ver.jpg
39,MG_Zeta_Gundam_Coating_Ver.jpg
40,Gunpla_MG_ltd_GundamGP01Fb-Coating_box.jpg
41,MG_Char%27s_Zaku_II_Coating_Ver.jpg
42,Gunpla_MG_ltd_GundamGP02A-Coating_box.jpg
43,MG_Zaku_II_Coating_Ver.jpg
44,MG_Hyper_Mode_Master_Gundam.jpg
45,MG_Hyper_Mode_G_Gundam.jpg
46,Gunpla_MG_ltd_MS06FJ_OYW0079_box.jpg
47,Gunpla_MG_ltd_MS07B_OYW0079_box.jpg
48,Gunpla_MG_ltd_MS09_OYW0079_box.jpg
49,Gunpla_MG_ltd_MS14S_OYW0079_box.jpg
50,MG_Freedom_Gundam_Extra_Finish.jpg
51,MGStrikeFreedom-FullBurst.jpg
52,MG_Sazabi_Metallic_Coating_Version.jpg
53,4048402490_3679539631_o.jpg
54,MGRX-78-2GundamVerOYW-Anime.jpg
55,MGDestiny-ExtremeBlast.jpg
56,Mg-rx-178-aeug-ver2-hdcolor.jpg
57,Mg-rx-178-titans-ver2-hdcolor.jpg
58,MG_Nu_Gundam_Metallic_Coating.jpg
59,Mg-sf-extra-finish-version.jpg
60,MG_Aile_Strike_Gundam_%2B_Bazooka.jpg
61,Exia-mg-ignition-mode.jpg
62,MG_Victory_Gundam_30th.jpg
63,MG_Zaku_II_2.0_30th.jpg
64,MG_Char%27s_Zaku_II_2.0_30th.jpg
65,Gunpla_MG_ltd_MS07B_ClearParts_box.jpg
66,MG_Char%27s_Gelgoog_30th.jpg
67,MG_Acguy_30th.jpg
68,MG_Char%27s_Z%27Gok_2.0_30th.jpg
69,MG_Hyaku_Shiki_30th.jpg
70,Mg-msn0100-hd.jpg
71,MG_Zeta_Gundam_2.0_30th.jpg
72,Mg-msz-006-ver2-hdcolor.jpg
73,MG_ZZ_Gundam_30th.jpg
74,MG_GM_30th.jpg
75,MG_Unicorn_Gundam_Ver._Ka_Titanium_Finish.jpg
76,MG_Gundam_Mk_II_AEUG_30th.jpg
77,MG_Guncannon_30th.jpg
78,MG_RX-78-2_2.0_30th.jpg
79,MG_Nu_Gundam_30th.jpg
80,Shin_Musha_Gundam.jpg
81,MG_Wing_Gundam_Zero_30th.jpg
82,MG_Freedom_Gundam_30th.jpg
83,MG_Infinite_Justice_Gundam_30th.jpg
84,MG_Strike_Freedom_Gundam_30th.jpg
85,MG_Destiny_Gundam_30th.jpg
86,MG_Force_Impulse_Gundam_30th.jpg
87,MG_Aile_Strike_Gundam_30th.jpg
88,MG_Strike_Noir_30th.jpg
89,MG_G_Gundam_30th.jpg
90,Mg-exia-trans-am.jpg
91,MG_Gundam_Exia_30th.jpg
92,MG_Gundam_Ground_Type_30th.jpg
93,Red-framekai-mg.jpg
94,Gunpla_MG_ltd_MS07B3_ClearParts_box.jpg
95,MG_Dom_30th.jpg
96,MG_Kampfer_30th.jpg
97,MG_Sazabi_30th.jpg
98,MG_Sinanju_Ver._Ka_Titanium_Finish.jpg
99,MG_945SH_G_Ver.GP30th_RX-78-2.jpg
100,MG_Mobile_Pod_Ball_Ver_Ka_30th.jpg
101,Unicorn-mscage-boxart.jpg
102,MG_Guntank_30th.jpg
103,MG_Gundam_Ver_2.0_Titanium_Finish.jpg
104,MG_RX-78-2_Ver_One_Year_War_0079_30th.jpg
105,MG_Hi_Nu_Gundam_30th.jpg
106,MG_Crossbone_Gundam_Full_Cloth_30th.jpg
107,MG_Wing_Gundam_Zero_Pearl_Gloss_Ver.jpg
108,MG_Gyan_30th.jpg
109,GunplaLEDUnit-Green.jpg
110,MG_Unicorn_Gundam_02_Banshee_Titanium_Finish.jpg
111,MG_%CE%BD_Gundam_Ver._Ka_Titanium_Finish.jpg
112,MG_Build_Strike_Gundam_Full_Package_Plavsky_Particle_Clear_Ver.jpg
113,MGUnicornGundamRed-Green-Titanium.jpg
114,MG_00_XN_Raiser.jpg
115,Lighting_Unit_White.jpg
116,MG_Gundam_The_Origin_Special_Ver.jpg
117,MG-FreedomGundamVer2.0_KiraYamato.jpg
118,MG_Providence_Gundam_G.U.N.D.A.M._Edition.jpg
119,MG_Providence_Gundam_Premium_Edition.jpg
120,MG_00_Gundam_Seven_SwordG_%28Trans-Am_Mode%29_-Special_Coating-.jpg
121,MG_Gundam_Avalanche_Exia%27.jpg
122,MG_00_Qan%28T%29_%28Trans-Am_Mode%29_-Special_Coating-.jpg
123,LED_Unit_Yellow.jpg
124,MG_Gundam_Astray_Turn_Red.jpg
125,LED_Unit_Blue.jpg
126,031f04249026a19ae7a7364e9a9f44d9.jpg
127,3915b0f0bb374d3e466569bbcf6fa234.jpg
128,Shin_Musha_GundamX.jpg
129,Shin_Musha_GundamX.jpg
130,Mg-rx-178mk-ii.jpg
132,Mg-spiegel.jpg
133,MG-Gundam-GF13-017NJ-Shining-Gundam-Box-Art.jpg
134,Rx-93-mg.jpg
135,MG_Gundam_Dynames.jpg
136,Mg-rx-178-fxa-05.jpg
137,Mg_blitz_boxart.jpg
138,Mg-msz-006a1.jpg
139,Mg-sandrock.jpg
140,MG_-_MS-14A_-_Gelgoog_-_Boxart.jpg
144,Gundam_Freedom.jpeg
145,Age-2_boxart.jpg
146,MG_Ex-S_Gundam_S_Gundam.jpg
147,MG_Plan_303E_Deep_Striker.jpg
149,MG_Jegan.jpg
150,Mg_rx-0_unicorn_gundam_02_banshee_boxart_large.jpg
153,Fa-010s-mg.jpg
156,Ms-05b-rb.jpg
157,Mg-rx-78gp01.jpg
158,Mg-rb79k.jpg
159,Mg-rx-78-4.jpg
160,Nu_Gundam_ver_KA_MG_Box_Art.jpg
162,Rezel_Defenser_MG_Box_Art.jpg
163,Mg-spallow-box.jpg
165,MG_FAZZ_Ver.Ka.jpg
166,Mush_Gundam_Mk._II_Boxart.jpg
168,Mg-rx-78gp03s.jpg
169,Mg-rx-178t.jpg
170,RX_78-2_gundam.jpeg
171,Mg-ms-05b.jpg
174,Mg-rx-78-0079.jpg
175,Mg-g-gundam.jpg
176,Mg-rms-099-qb.jpg
177,Mg-zero-w-2.jpg
178,Mg-msm-07s-ca.jpg
180,Mg-rx-78gp01fb.jpg
181,Mg-ms-09.jpg
182,MG_Perfect_Gundam.jpeg
186,Mg_justice_gundam.jpg
187,Mg-ms14-ag.jpg
188,Mg-msa-011s.jpg
191,Mg-ms-18e.jpg
192,MG_Build_Strike_Box_Art.jpg
193,Mg-rx-0-ka.jpg
194,Mg-wing-verka.jpg
195,Mg-msn-06-ka.jpg
196,Sword-impulse-morishita.jpg
197,MG_Gundam_X_Boxart.jpg
198,Ms-06r1a-mg.jpg
199,MG_-_GN-001_-_Gundam_Exia_-_Boxart.jpg
200,Mg-ms-06f2.jpg
201,Mg-zgok.jpg
202,MG_Buster_Boxart.jpg
203,Mg-rx-78-g3.jpg
204,Mg-ms-07-ver2.jpg
206,Mg-rms-099.jpg
208,DarkHound_MG_Boxart.jpg
210,Mg-ms-06k.jpg
212,MG_00_Qan-T-_Full_Saber.jpg
213,MG_Age2_Double_Bullet_Boxart.jpg
215,MG_-_MSM-04_-_Acguy_-_Boxart.jpg
216,MG_Victory_2_Gundam_Ver.Ka.jpg
217,MG_The_O_Boxart.jpg
218,LM312V04SD-VB03A-corebooster-verka-mg.jpg
219,Mg_Gundam_Amazing_Red_Warrior.jpg
220,Skullheart-fc-mg.jpg
221,Mg-sf.jpg
222,MG_1_100_GN-0000GNHW7SG.jpg
224,Mg-ext-s.jpg
225,Mg-ms06s.jpg
226,Mg-rgm-79.jpg
229,MG_Providence.jpg
230,Mg-gundam-barbatos_box_art.jpg
232,MG_Sinanju_Stein_%28Narrative_Ver.%29.jpg
233,MG_Exia_Dark_Matter_Boxart.jpg
237,Aegis_Boxart.jpg
238,Mg-rx-75.jpg
239,Mg-amx-004.jpg
240,Geara_Doga_MG_Boxart.jpg
241,MG_Rick_Dom_C.A._Custom.jpg
242,Mg-msn-02.jpg
243,MG_Gundam_Double_X.jpg
244,MG_Gundam_NT-1_Ver.2.0.jpg
245,Mg-strike-noir.jpg
246,Mg-msn-001.jpg
249,Ms-06r2-mg.jpg
250,Mg-ms-06r1-sm.jpg
251,MG_Wing_Gundam_Zero_EW_VerKa.jpg
252,Mg-ms14s-ver2.jpg
253,MG_ZZ_Gundam_Ver.Ka.jpg
255,Mg-full-armor-rx0-verka.jpg
257,1-100_MG_Shenlong_Gundam_EW_Boxart.jpg
259,Mg_wing_tv.jpg
261,Mg-gogg.jpg
262,MG_Sazabi_ver_KA_new_Boxart.jpg
263,MG_1-100_00_Raiser_-_Boxart.jpg
264,MG_MS-06F2_Zaku_II_F2_Boxart.jpg
265,MG_GN-X.jpg
268,Marasai_Box_Art.jpg
270,Mg-amx-004mkii-ple.jpg
271,Mg-ms06f.jpg
272,MG_Aile_Strike_RM_Boxart.jpg
273,Mg-strike-rouge.jpg
275,Mg-ms-09r.jpg
277,Mg-force-impulse.jpg
278,Mg-rx77.jpg
280,MG_Sengoku_Astray_Boxart.jpg
281,Mg-epyon.jpg
282,Rezel-mg.jpg
283,MGGMSniperII.jpg
287,MG_Universal_Booster_Boxart.jpg
288,MG_Gunner_ZAKU_Warrior_%28Lunamaria_Hawke_Custom%29.jpg
289,Mg-xm-x1.jpg
290,Master_Grade_Wing_Proto_Zero_Boxart.jpg
292,Mg-psychozaku.png
293,Mg-rgm-79-ver2.jpg
294,Mg-rgm79-g-sniper.jpg
295,Mg-alex.jpg
296,Mg-rx78-ka.jpg
298,Hobby_257_pmaster_grade_mg_1100_scale_fa010a_fazz_sentinel_versionp.jpg
299,MG_Age1.jpg
301,MG_-_SYSTEM_%E2%88%80-99_%28WD-M01%29_-_%E2%88%80_Gundam_-_Boxart.jpg
302,Mg-deathscythe-ew.jpg
303,MG_-_MSZ-006_-_Zeta_Gundam_-_Boxart.jpg
304,MGSinanjuSteinBoxArt.jpg
305,MG_Strike_Rogue_Ootori.jpg
306,Mg-rgm79-c-earth.jpg
307,MG_-_MS-06R-1A_-_Zaku_II_-_Boxart.jpg
308,MG_Astray_Blue_Frame_D_Boxart.jpg
309,Mg-ms14-a.jpg
310,Mg-msn-001-ballute.jpg
311,Mg-rgz-91.jpg
317,Mg-aile-strike.jpg
319,Rgm-79n-mg.jpg
320,Mg-f91-hm.jpg
321,MG_GM_Sniper_Custom.jpg
323,Mg-msn-02-perfect.jpg
327,Mg-ms-07b3.jpg
328,Msz-010-mg.jpg
329,Mg-ms-06j-white-ogre.jpg
330,Mg-rx-79g-ez8.jpg
331,0161537.jpg
332,MG_G-Fighter_Boxart.jpg
333,Mg-launcher-strike.jpg
335,Mg-rx-78-2original.jpg
336,Mg-rx-78-2-ver2.jpg
338,MG_Full_Armor_Gundam_Ver.Ka.jpg
339,Mg-vgundam-ka.jpg
340,Mg-rgm-79g.jpg
342,MG_QanT.jpg
343,MG_Sinanju_Boxart.jpg
345,MGFreedomGundam2.0.jpg
347,MG_Gundam_Fenice_Rinascita.jpg
348,Mg_delta_plus_boxart.jpg
349,MG_Build_Gundam_MK2_Boxart.jpg
351,Mg-blue-frame.jpg
352,Mg-rx-178t-ver2.jpg
354,Mg-ms-06s-ver2.jpg
355,Mg-ms-14c-jr.jpg
357,Strike-iwsp-mg.jpg
358,Mg-ms06-f.jpg
359,Mg-rms-106.jpg
361,MG_-_F91_Gundam_F91_-_Boxart.jpg
363,MG_-_GF13-001NHII_Master_Gundam_-_Boxart.jpg
364,Rgz-95c-mg.jpg
366,Mg-amx-004mkii.jpg
367,Deathscythe_h_boxart.jpg
368,MSZ-006.jpeg
369,Mg-msn-04.jpg
370,Mg-msz-006c1.jpg
371,YMS-15_Gyan_MG_boxart.jpg
372,Mg_age-1_titus.jpg
373,Mg-rb-79sm.jpg
374,Mg-rb79-ka.jpg
375,Rx-0-mgboxart.jpg
376,Mg-rx78g05.jpg
377,LM312V04SD-VB03A-verka-mg.jpg
378,MG_Gundam_Astray_Red_Frame_Kai.jpg
380,Rgm-79q-mg.jpg
381,MG-GundamOrigin.jpg
382,MG_Hyaku_Shiki_Ver._2.0.jpg
383,MG_-_MSA-003_-_Nemo_-_Boxart.jpg
384,Ms-06r1a-mg-shin.jpg
385,Ms-06r-2-mg1.jpg
386,MG_GM_Command_-Colony_Type-.jpg
387,MG_Rx-78-2_ver_3.0_Boxart.jpg
388,MG_Unicorn_Gundam_02_Banshee_Ver.Ka.jpg
389,MG_Zaku_Minelayer.jpg
392,Mg-rx-78ca.jpg
393,MG_FA_78-1_Gundam.jpg
395,MG_Hi-v_ver.ka.jpg
397,Mg-ms14-ca.jpg
398,Mg-rx78-gp02.jpg
401,Mg-ms-05bt.jpg
402,MG_Tallgesse_Box_Art.jpg
403,MG_Gundam_AgeII_Magnum.jpg
404,MG_Jesta_Boxart.jpg
405,Mg-rx-79g.jpg
408,Mg-g-armor-rt.jpg
409,MG_Turn_X_Boxart.jpg
412,MG_Duel_Gundam_Assaultshroud.jpg
413,Mg-rgm79-c-space.jpg
414,MG_Gundam_Kyrios.jpg
415,Mg-strike-iswp-lk.jpg
417,Mg-ms-06j-ver2.jpg
418,Mg-rx-178.jpg
419,Mg-ew-heavyarms.jpg
420,Mg-ms07b.jpg
421,MG_Destiny_SP_01.jpg
422,Hi-nu_gundam_Boxart.jpg
423,Infinite-justice-mg-art.jpg
424,MG_F91_Gundam_Ver._2.0.jpg
425,MG_Unicorn_Phenex.jpg
426,Mg_wing_ew.jpg
427,MG_Gundam_Mk_II_AEUG_30th.jpg
428,Mg-rx-178-titans-ver2-hdcolor.jpg
429,MG_Geara_Doga_%28Full_Frontal_Use%29.jpg
430,MG_Gundam_TR-1_%28Advanced_Hazel%29.jpg
431,MG_Aile_Strike_Gundam_Ver.RM_Launcher_Sword_Striker_Pack.jpg
432,MG_Char%27s_Zaku_II_Ver._2.0_%28Mechanical_Clear_Ver.%29.jpg
433,MG_Unicorn_Gundam_-Solid_Clear_Standard-.jpg
434,MG_Char%27s_Z%27Gok_Extra_Finish_Ver.jpg
435,MG_Zaku_II_2.0_Extra_Finish_Ver.jpg
436,MG_Gundam_AGE-2_Normal_SP.jpg
437,MG_Catapult_Base.jpg
438,MG_Impulse_Gundam_Blanche.jpg
439,MG_Gundam_Exia_Repair_II.jpg
440,MG_Zaku_II_High_Mobility_Type_Eric_Mansfield_Custom.jpg
441,MG_Z_Gundam_Head.jpg
442,MG_Zaku_II_Ver.LUNA_SEA.jpg
443,MGBall-Kawaguchi.jpg
444,MG_Gundam_Stormbringer.jpg
445,MG_RX-78-2_Ver_One_Year_War_Extra_Finish_Ver.jpg
446,MG_Gundam_Stormbringer_F.A._GM_Turbulence.jpg
447,MG_Unicorn_Gundam_Ver._Ka_-Code_852-.jpg
448,/wiki/GAT-X105%2BAQM/E-X01_Aile_Strike_Gundam
449,MG_%CE%96%CE%96_Gundam_Head.jpg
450,Ms-06r1-illustration.jpg
451,MG_Gundam_Astray_Gold_Frame.jpg
452,MG_Psycho_Zaku_%28Last_Session_Ver%29.jpg
453,MG_Gundam_Cup_Noodle_Curry_Original_Clear_Color_Ver.jpg
454,MG_Shield_Booster_Armed_Armor_DE_for_FAUC_Manga_Special_Edition.jpg
455,MG_Gelgoog_Cannon_MSV_Color.jpg
456,MG_Gundam_F91_Ver.2.0_%28Harrison_Madin_Custom%29.jpg
457,/wiki/Mission_Packs
458,MG_RX-78-2_2.0_Mechanical_Smoked_Clear_Ver.jpg
459,MG_Garma_Zabi%27s_Zaku_II.jpg
460,/wiki/RX-78-2_Gundam
461,MG_00_Raiser_Clear_Color_Ver.jpg
462,MG_Unicorn_Gundam_02_Banshee_Final_Battle.jpg
463,MG_Zaku_II_2.0_Clear_Color_Ver.jpg
464,MG_Casval%27s_Gundam_Coating_Ver.jpg
465,MG_GMSniperII_WhiteDingoTeamSpec.jpg
466,Gunpla_MG_ltd_MS07B3_MSIgloo2_box.jpg
467,MG_Lydo_Wolf%27s_GM_Sniper_II.jpg
468,MG_Tallgeese_II_Boxart.jpg
469,MG_%E2%88%80_Gundam_Turn_X_-Nano_Skin_Image-.jpg
470,MG_Zaku_II_Yuma_Lightning_Custom.jpg
471,MG_Destiny_Gundam_Clear_Color_Ver.jpeg
472,MG_GM_Command_Space_Type.jpg
473,MG_Geara_Doga_-Unicorn_Ver.-.jpg
474,Destiny_mg_heine.jpg
475,/wiki/ASW-G-08_Gundam_Barbatos
476,MG_Gundam_Astray_Red_Frame_Flight_Unit.jpg
477,MG_Unicorn_Gundam_02_Banshee_%22Ver.Ka%22_%28Final_Battle_Ver.%29.jpg
478,Mg_Gundam_Fenice_Rinascita_Alba.jpg
479,MG_Justice_Gundam_%28Special_Coating%29.jpg
480,MG_Slash_ZAKU_Phantom_%28Yzak_Jule_Custom%29.jpg
481,MG_Gundam_Heavyarms_EW_%28IGEL_Armament%29.jpg
482,MG_Gundam_Ver._3.0_%28Mechanical_Clear_Ver.%29.jpg
483,MG-Uma_Lightning%27s_Gelgoog_High_Mobility_Type.jpg
484,MG_Sazabi_Ver.Ka_-Special_Coating-.jpg
485,MG_Aile_Strike_Gundam_Deactive_Mode.jpg
486,MG_Musha_Gundam_Mk._II_Tokugawa_Ieyasu_Ver.jpeg
487,/wiki/MSN-04_Sazabi
488,MG-GM_Sniper_Custom_%28Tenneth_A._Jung_Custom%29.jpg
489,MG_Mission_Pack_D-Type_%26_G-Type.jpg
490,MG_Gunpla_LED_Unit_Pink.jpg
491,MG_Super_Gundam_Plating_%26_Clear_Ver.jpg
492,MG_Zeta_Plus_A1_-Unicorn_Ver.-.jpg
493,MG_GM_Dominance.jpg
494,MG_Zaku_II_%28Shin_Matsunaga_Custom%29.jpg
495,MG_Zaku_II_Anavel_Gato_Custom.jpg
496,MG_Gundam_Ver.3.0_-Solid_Clear_Standard-.jpg
497,MG_Zeta_Gundam_2.0_Extra_Finish_Ver.jpg
498,MG_GM_Cannon_-Red_Head-_%28Jaburo_Defense_Team_Custom%29.jpg
499,MG_Zaku_II_F2_Type_%28Kimberlite_Base_Type%29.jpg
500,MG_RX-78-2_Gundam_%28Perfect_Gundam_Ver.%29_-Anime_Color-.jpg
501,MG_Advanced_GN-X.jpg
502,MG_%CE%BD_Gundam_Head.jpg
503,MG_Expansion_Effect_Unit_Moonlight_Butterfly_for_%E2%88%80_Gundam.jpg
504,MG_Wing_Gundam_Proto_Zero_EW_Clear_Color_Ver.jpg
505,MG_Re-GZ_Custom.jpg
506,MG_CrossboneGundamX2Custom_VerKa.jpg
507,MG_Gundam_Ver.3.0_Extra_Weapon_Pack.jpg
508,MG_Dwadge.jpg
509,MG_Zaku_II_%28Char_Aznable_Custom%29_Ver.2.0_-Solid_Clear_Standard-.jpg
510,MG_Blast_Impulse_Gundam.jpg
511,MG_Jesta_Cannon_-Clear_Color-.jpg
512,MG_Gundam_NT-1_Ver.2.0_-Clear_Color-.jpg
513,MG_Unicorn_Gundam_Perfectibility.jpg
514,Expansion_Funnel_Set_for_MG_Sazabi_Ver.Ka_%26_RE100_Nightingale.jpg
515,MG_Gundam_Ver.3.0_TMDC.jpg
516,Blitz_Gundam_Mirage_Colloid_Clear_Ver.jpg
517,MG_RX-78-2_2.0_Club_MG_Pure_Gold_Plating_Ver.jpg
518,MG_Jesta_%28Shezarr_Type%2C_Team_B_%26_C%29.jpg
519,MG_Beam_Gatling_Gun_Set_for_UC_Novel_Special_Edition.jpg
520,MGZaku-Kawaguchi.jpg
521,MG_Sinanju_%28Mechanical_Clear%29.jpg
522,MG_00_Qan_T_Clear_Color_Ver.jpg
523,MG_Zaku_II_%28Breniff_Oguz_Custom%29.jpg
524,MG_Gundam_Sandrock_EW_%28Armadillo_Unit%29.jpg
525,/wiki/MS-06F2_Zaku_II_F2_Type
526,MG_Nu_Gundam_Ver_Ka_GDHKIII.jpg
527,MG_G_Gundam_Version_Up_Parts.jpg
528,MG_Gelgoog_%28Anavel_Gato_Custom%29_Ver.2.0.jpg
529,MG_Ballute_Pack.jpg
530,MG_Crossbone_Gundam_X-3_Ver._Ka.jpg
531,MG_Zeta_Gundam_III_P2_Type_Red_Zeta.jpg
532,MG_Johnny_Ridden%27s_Zaku_II.jpg
533,/wiki/GAT-X105%2BAQM/E-X01_Aile_Strike_Gundam
534,MG_Gundam_Ver.3.0_-Gold_Coating-.jpg
535,MG_Gundam_Astray_Noir.jpg
536,/wiki/MSN-04_Sazabi
537,Hi-Nu_Gundam_H.W.S._Ver.Ka_Mechanical_Clear.jpg
538,MG-NuGundam-GFT.jpg
539,MG_Rocket_Bazooka_for_Sinanju_Novel_Special_Edition.jpg
540,MG_Char%27s_Zaku_II_2.0_Titanium_Finish.jpg
541,MG_Tallgeese_III_-Special_Coating-.jpeg
542,MGAstrayBlueFrameD-FormationBase.jpg
543,MG_Mission_Pack_F-Type_%26_M-Type.jpg
544,MG_Perfect_Strike_Gundam_Special_Coating_Ver.jpg
545,MG_Gundam_Heavyarms_Custom_EW.jpg
546,MG_Zaku_II_Commander_Type_%28Char_Aznable_Custom%29_Ver._2.0_Real_Type_Color.jpg
547,MG_Qubeley_Damned.jpg
548,MG_Gundam_TR-1_%28Hazel_Custom%29_%28Combat_Deployment_Colors%29.jpg
549,MG_00_Gundam_Seven_SwordG_%28Clear_Color_Ver.%29.jpg
550,MG_Crossbone_Gundam_X-1_Full_Cloth_-Extra_Finish-.jpg
551,MG_Core_Fighter_G-3_Color.jpg
552,MG_RX-78-2_Ver_One_Year_War_Club_MG_Titanium_Finish_Ver.jpg
553,MG_G-3_Gundam_Ver._One_Year_War_0079.jpg
554,MG_Gundam_Ver.3.0_-Gundam_Base_Color-.jpg
555,MG_Dom_Ramba_Ral_Custom_Coating_Ver.jpg
556,Expansion_Effect_Unit_for_ZGMF-X10A_Freedom_Gundam_Ver._2.0.jpg
557,MG_Full_Armor_Unicorn_Gundam_Mechanical_Clear_Ver.jpg
558,MG_G-Parts_%EF%BC%BBHrududu%EF%BC%BD_%28Combat_Deployment_Colors%29.jpg
559,MG_Freedom_Gundam_Ver._2.0_Full_Burst_Mode_Special_Coating_Ver..jpg
560,MG_Unicorn_Gundam_%28Green_Frame_Clear_Color_Ver.%29.jpg
561,MG_Gundam_Astray_Red_Dragon.jpg
562,/wiki/RX-93-%CE%BD2_Hi-%CE%BD_Gundam
563,MG_Unicorn_Gundam_03_Phenex_%28Narrative_Ver.%29.jpg
564,MG_Blaze_ZAKU_Phantom_Blaze_ZAKU_Warrior.jpg
565,MG_Freedom_Gundam_Ver._2.0_Clear_Color.jpg
566,MG_Nemo_Unicorn_Desert_Color_Ver.jpg
567,MG_Gouf_2.0_Clear_Color_Ver.jpg
568,MG_Victory_Two_Assault_Buster_Gundam_Ver.Ka_-Titanium_Finish-.jpg
569,MG_Dwadge_Custom.jpg
570,/wiki/RX-93_%CE%BD_Gundam
571,MG_%CE%BD_Gundam_HWS_Ver_Ka.jpg
572,MG_Zaku_II_Commander_Type_Char_Aznable_custom_Cup_Noodle_Original_Clear_Color_Ver..jpg
573,MG_RX-78-2_1.5_Plated_Ver.jpg
574,MG_Gelgoog_Coating_Ver.jpg
575,Expansion_Effect_Unit_Wings_of_Light_for_Victory_Two_Gundam_Ver.Ka.jpg
576,GunplaLEDUnit-Red.jpg
577,MG_Neuen_Bitter%27s_Zaku_II_F2_Type.jpg
578,MG_Gundam_Fenice_Rinascita_Clear_Color_Ver.jpg
579,MG_Zaku_II_Masaya_Nakagawa_Custom.jpg
580,MG_Core_Fighter_Full_Armor_Color.jpg
581,MG_Gundam_Ver._One_Year_War_0079_Movie_Image_Color.jpg
582,HWS_Expansion_Set_for_%CE%BD_Gundam_Ver_Ka.jpg
583,MG_Full_Armor_Unicorn_Gundam_-Red_Color_Ver.-.jpg
584,MG_GN-XIII_ESF_Type.jpg
585,MG_Sazabi_Ver_Ka_GDHKIII.jpg
586,Master_Grade_Series_10th_Anniversary_Model.jpg
587,/wiki/MS-06S_Zaku_II_Commander_Type
588,MG_Beam_Gatling_Gun_Set_for_UC_Gundam_ACE.jpg
589,MG-GundamTR1HazelCustom.jpg
590,MG_Wing_Gundam_Zero_Pearl_Mirror_Coating.jpg
591,/wiki/RX-78-2_Gundam
592,MGRX-78-2GundamGFT.jpg
593,MG_Core_Fighter_Clear.jpg
594,Gunpla_MG_DozleZaku_box.jpg
595,MG_Gundam_TR-1_-Hazel_Owsla-.jpg
596,MG_Impulse_Gundam_Full_Color_Plating_Ver.jpg
597,MG_Expansion_Part_Set_for_Gundam_Barbatos.jpg
598,MG_AAPE_RX-78-2_Gundam_GRN-CAMO.jpg
599,GunplaLEDUnit-Yellow.jpg
600,MG_00_Qan-T-_Full_Saber_-Special_Coating-.jpg
601,MG_Gundam_X_Unit_3.jpg
602,MG_F91_Gundam_F91_Ver.2.0_ORIGINAL_PLAN_Ver.jpg
603,MGAltronGundamEW.jpg
604,MG_Zeta_Gundam_3B_Type.jpg
605,MG_Rick_Dom_Plating_%26_Clear_Ver.jpg
606,/wiki/RX-93_%CE%BD_Gundam
607,MG_Gundam_Ver._2.0_Mechanical_Clear_Ver.jpg
608,MG_00_Gundam_Seven_SwordG_-Inspection-.jpg
609,MG_Zaku_II_2.0_Real_Type_Color.jpg
610,MGStrikeFreedom-Okawara.jpg
611,MG_Zaku_II_Modeler%27s_Cup_Clear_Ver.jpg
612,Gunpla_MG_ltd_MS06J_MSIgloo2_box.jpg
613,MG_Gundam_F90.jpg
614,MG_Casval%27s_Rick_Dom_Coating_Ver.jpg
615,MG_FAZZ_Ver.Ka_-Titanium_Finish-.jpg
616,MG_Crossbone_Gundam_X-2_Ver._Ka.jpg
617,/wiki/SYSTEM_%E2%88%80-99_(WD-M01)_%E2%88%80_Gundam
618,/wiki/MSR-00100CR_Hyaku_Shiki_Crash#Variants
619,/wiki/RX-78-2_Gundam
620,MG_Gundam_The_Origin_-Solid_Clear_Reverse-.jpg
621,China_Special_01.jpg
622,MG_Gundam_F90II_I-Type.jpg
623,Legend_of_Mechanical_Design.jpg
624,/wiki/Mobile_Suit_Gundam
625,MG_Z%27Gok_%28Unicorn_Ver.%29.jpg
626,/wiki/ORX-013_Gundam_Mk-V
627,MGRX-78-2-Kawaguchi.jpg
628,MG_Qubeley_Embellir.jpg
629,MG_Mega_Bazooka_Launcher.jpg
630,MG_GM_Cannon_-North_America_Front-.jpg
631,MG_Gundam_Ver.3.0_Success_x_Gundam_Project_Ver.jpg
632,MG_Aile_Strike_Gundam_Ver._RM_Clear_Color.jpg
633,MG_%E2%88%80_Gundam_Moonlight_Butterfly_Ver..jpg
634,Gunpla_MG_RickDomDozleZabi_box.jpg
635,MG_Shenlong_Gundam_EW_Liaoya.jpg
636,MG_Strike_Freedom_Gundam_Clear_Color.jpg
637,MG_Gundam_Dynames_%28Trans-Am_Mode%29_-Metallic_Gloss_Injection-.jpg
638,MG_Robert_Gilliam_Zaku_II.jpg
639,/wiki/RX-0_Full_Armor_Unicorn_Gundam
640,MG_Gundam_Ver.2.0_-Solid_Clear_Standard-.jpg
641,MG_RX-78-2_3.0_Solid_Clear_Reverse_Last_One.jpg
642,MG_Enhanced_ZZ_Gundam_VerKa.jpg
643,/wiki/RX-93-%CE%BD2_Hi-%CE%BD_Gundam
644,MG_Heavy_Gundam.jpg
645,MG_RX-78-2_Club_MG_Titanium_Finish_Ver.jpg
646,MG_RX-78-2_Ver_One_Year_War_Club_MG_Chrome_Plating_Ver.jpg
647,MG_Zaku_II_Commander_Type_%28Black_Tri-Stars%29_Ver._2.0.jpg
648,MG_Destiny_Impulse_Gundam_R.jpg
649,MG_Jegan_D_Type.jpg
650,MG_Prototype_Gundam.jpg
651,MG_PrototypeGouf.JPG
652,MG_Gundam_Astray_Red_Frame.jpg
653,MG_Gundam_The_Origin_-Solid_Clear_Standard-.jpg
654,MG_V2_Assault_Buster_Ver_Ka.jpg
655,MG_Gundam_Barbatos_-Clear_Color-.jpg
656,/wiki/MS-06F2_Zaku_II_F2_Type
657,MG_GM_II_%28A.E.U.G._Color_Ver.%29.jpg
658,MG_Gundam_Deathscythe_EW_%28Roussette_Unit%29.jpg
659,P-babdai_babshee_norn-01.jpg
660,MG_Trans-Am_Raiser_Clear_Color_Ver.jpg
661,MG_Gundam_Ground_Type_Camouflage.jpg
662,MG_Nu_Gundam_Gold_GBWC.JPG
663,MG_Assault_Buster_Expansion_Part.jpg
664,MG-Providence_Gundam_%28Special_Coating_Ver.%29.jpg
665,MG_GM_Sniper_II_%28Clear_Color_Ver.%29.jpg
666,MG_Gundam_Mk-II_Head.jpg
667,MG_Core_Fighter_Prototype_Color.jpg
668,MG_Re-GZ_%28Unicorn_Ver.%29.jpg
669,MG_Mission_Pack_E-Type_%26_S-Type.jpg
670,MG_%CE%BD_Gundam_Ver._Ka_Double_Fin_Funnel_Set.jpg
671,MG_Tallgeese_III.jpg
672,/wiki/GN-0000%2BGNR-010/XN_00_XN_Raiser
673,Gunpla_MG_MQuve_Gouf_box.jpg
674,MG_Gundam_Cup_Noodle_Original_Color_Ver..jpg
675,MG_G.H.L-M.A.D_Gun.jpg
676,/wiki/RX-78NT-1_Gundam_%22Alex%22
677,MG_Geara_Doga_%28Rezin_Schnyder_Custom%29.jpg
678,MG_GN-XIII_%28A-Laws_Ver.%29.jpg
679,MG_Gundam_AGE-1_Normal_Unit_02.jpg
680,MG_Gundam_Sandrock_Custom_EW.jpg
681,MG_Hyakushiki_Crash.jpg
682,MG_Zaku_Cannon_%28Ian_Greydon_Custom%29.jpg
683,MG_Justice_Gundam_%28Clear_Color%29.jpg
684,MG_Jesta_Cannon.jpg
685,MG_Hyaku_Shiki_Kai_Mass_Production_Type.jpg
686,MG_MS_Cage.jpg
687,MG_Casval%27s_Gundam_Ver.3.0.jpg
688,MG_Shield_Booster_Expansion_Set.jpg
689,MG_Gundam_Ver.2.0_-Solid_Clear_Reverse-.jpg
690,MG_Deborah%27s_Advanced_GN-X.jpg
691,MG_Mission_Pack_O-Type_%26_U-Type.jpg
692,MG_Gundam_GP03S_Plating_Ver.jpg
693,Enhanced_Expansion_Parts_for_ZZ_Gundam_VerKa.jpg
694,MG_Mission_Pack_B-Type_%26_K-Type.jpg
695,MG_Flight_Unit_Expansion_Set_for_Gundam_Astray_Red_Frame.jpg
696,MG_Char%27s_Zaku_II_2.0_Clear_Color_Ver.jpg
697,MG_Gundam_The_Origin_Mechanical_Clear_Ver.jpg
698,MG_GM_Cold_Districts_Type.jpg
699,MG_Star_Build_Strike_Gundam_RG_System_Ver..jpg
700,MG_Polypodball.jpg
701,MG_Gundam_F91_Ver.2.0_-Afterimage_Image_Color-.jpg
702,MG_Emergency_Escape_Pod_-Primrose-_Expansion_Set.jpg
703,MG_ZZ_Gundam_Ver.Ka_-Clear_Color-.jpg
704,Gunpla_MG_MS06K-Unicorn_box.jpg
705,MG_Gundam_TR-1_-Hazel_II-_Early_Type.jpg
706,MG_Core_Fighter_Color_Clear.jpg
707,MG_Gundam_F91_Back_Cannon_Type_%26_Twin_V.S.B.R._Set_Up_Type.jpg
708,MG_Nu_Gundam_Ver_Ka_Mechanical_Clear.jpg
709,MG_G-Parts_%EF%BC%BBHrududu%EF%BC%BD.jpg
710,MG_Crossbone_Gundam_X0_Ver.Ka.jpg
711,MG-Wing_Gundam_Zero_EW_%2B_Drei_Zwerg_%28Special_Coating_Ver.%29.jpg
712,MG_GM_Cannon.jpg
713,MG_GM_II_-Unicorn_Ver.-.jpg
714,MG_Providence_Gundam_DRAGOON_Effect.jpg
715,MG_Jegan_D_Type_%28First_Deployment_Type%29.jpg
716,MG_Char%27s_Zaku_II_2.0_Extra_Finish_Ver.jpg
717,MG_S_Gundam_Booster_Unit_Type.jpg
718,MG_GM_II.jpg
719,MG_Strike_Rouge_Clear_Color_Ver.jpg
720,MG_Gundam_Astray_Red_Frame_%28Metallic_Frame_Clear_Color_Ver.%29.jpg
721,MG_Freedom_Gundam_Clear_Color_Ver.jpg
722,/wiki/RX-0_Full_Armor_Unicorn_Gundam
723,MG_Zaku_II_High_Mobility_Type_Psycho_Zaku_-Gundam_Thunderbolt-_Ver.Ka_-Half_Mechanical_Clear-.jpg
724,MG_Philip_Hughs%27s_GM_Dominance.jpg
725,MG_Gundam_Ver._2.0_Real_Type_Color.jpg
726,MG_Full_Armor_Gundam_VerKa_%28Half_Mechanical_Clear%29.jpg
727,MG_Zaku_II_%28Gabby_Hazard_Colors%29.jpg
728,MG_Unicorn_Gundam_Metallic_Gloss.jpg
729,Gunpla_MG_ltd_MS09_MSIgloo2_box.jpg
730,MG_Full_Armor_Unicorn_Gundam_Gold_GBWC.jpg
731,/wiki/MS-06F2_Zaku_II_F2_Type
732,/wiki/F90_Gundam_F90
733,MG_Tallgeese_II_Special_Coating.jpg
734,MG_GM_II_Semi-Striker.jpg
735,MG_Tallgeese_EW_Special_Coating_Ver.jpg
736,MG_Nemo_-Unicorn_Color_Ver.-.jpg
737,Gunpla_MG_FullArmorGundamBlueColor_box.jpg
738,MG_Gyan_Extra_Finish_Ver.jpg
739,MG_Gundam_Ver.3.0_Clear_Color_Ver.jpg
740,MG_Testament_Gundam.jpg
741,MG_Hi-%CE%BD_Gundam_HWS_Ver.Ka.jpg
742,MG_Full_Armor_Gundam_-Gundam_Thunderbolt-_Last_session.jpg
743,/wiki/RX-93_%CE%BD_Gundam
744,MG_Rocket_Bazooka_for_Sinanju_Gundam_ACE.jpg
745,MG_RX-78-2_2.0_Clear_Color_Ver.jpg
746,MG_RX-78-2_Wii_Limited_Color_Ver.jpg
747,MG_V2_Gundam_Ver.Ka_Clear_Gold_Plated_Ver.jpg
748,Weapon_Armor_Hanger_for_Full_Armor_Gundam_Thunderbolt.jpg
749,MG_Gundam_Head.jpg
750,MG_Gundam_NT-1_Plating_%26_Clear_Ver.jpg
751,MG_GM_%28White_Dingo_Team_Custom%29.jpg
752,MG_Gundam_Amazing_Exia.jpg
753,MG_Gundam_Ver.3.0_-Solid_Clear_Reverse-.jpg
754,MG_Zeta_Gundam_Modeler%27s_Cup_Gold_Plating_Ver.jpg
755,/wiki/MSN-04_Sazabi
756,MG_Shield_Booster_Armed_Armor_DE_for_UC_Manga_Special_Edition.jpg
757,MG_Sazabi_Ver._Ka_Mechanical_Clear_Ver.jpg
758,MG_Marasai_-Unicorn_Ver.-.jpg
759,MG_Powered_GM.jpg
760,MG_Hyaku_Shiki_Ver._2.0_%28Mechanical_Clear%29.jpg
761,MG_GM_Cannon_%28White_Dingo_Team_Custom%29.jpg
762,MG_Trans-Am_Raiser.jpg
763,MG_Hi_Nu_Gundam_Gold_GBWC.jpg
764,MG_Hyaku_Shiki_Kai.jpg
765,MG_Gundam_Ver._Gundam_Crisis.jpg
